{
  "dataset_revision": "7f5ad21e2207d52b963bd82be2717627a8ae8061",
  "mteb_dataset_name": "AlexGSM8kRewrite",
  "mteb_version": "1.3.1",
  "train": {
    "evaluation_time": 9.15,
    "map_at_1": 0.5,
    "map_at_10": 0.60836,
    "map_at_100": 0.61616,
    "map_at_1000": 0.61616,
    "map_at_3": 0.57167,
    "map_at_5": 0.59517,
    "mrr_at_1": 0.5,
    "mrr_at_10": 0.60836,
    "mrr_at_100": 0.61616,
    "mrr_at_1000": 0.61616,
    "mrr_at_3": 0.57167,
    "mrr_at_5": 0.59517,
    "ndcg_at_1": 0.5,
    "ndcg_at_10": 0.66641,
    "ndcg_at_100": 0.70069,
    "ndcg_at_1000": 0.70069,
    "ndcg_at_3": 0.5944,
    "ndcg_at_5": 0.63616,
    "precision_at_1": 0.5,
    "precision_at_10": 0.085,
    "precision_at_100": 0.01,
    "precision_at_1000": 0.001,
    "precision_at_3": 0.22,
    "precision_at_5": 0.152,
    "recall_at_1": 0.5,
    "recall_at_10": 0.85,
    "recall_at_100": 1.0,
    "recall_at_1000": 1.0,
    "recall_at_3": 0.66,
    "recall_at_5": 0.76
  }
}