{
  "dataset_revision": "7f5ad21e2207d52b963bd82be2717627a8ae8061",
  "mteb_dataset_name": "AlexGSM8kRewrite",
  "mteb_version": "1.3.1",
  "train": {
    "evaluation_time": 1.69,
    "map_at_1": 0.41,
    "map_at_10": 0.53037,
    "map_at_100": 0.5397,
    "map_at_1000": 0.5397,
    "map_at_3": 0.49167,
    "map_at_5": 0.51017,
    "mrr_at_1": 0.41,
    "mrr_at_10": 0.53037,
    "mrr_at_100": 0.5397,
    "mrr_at_1000": 0.5397,
    "mrr_at_3": 0.49167,
    "mrr_at_5": 0.51017,
    "ndcg_at_1": 0.41,
    "ndcg_at_10": 0.60116,
    "ndcg_at_100": 0.64045,
    "ndcg_at_1000": 0.64045,
    "ndcg_at_3": 0.5194,
    "ndcg_at_5": 0.55254,
    "precision_at_1": 0.41,
    "precision_at_10": 0.083,
    "precision_at_100": 0.01,
    "precision_at_1000": 0.001,
    "precision_at_3": 0.2,
    "precision_at_5": 0.136,
    "recall_at_1": 0.41,
    "recall_at_10": 0.83,
    "recall_at_100": 1.0,
    "recall_at_1000": 1.0,
    "recall_at_3": 0.6,
    "recall_at_5": 0.68
  }
}